id,admin_fname,admin_lname,admin_uname,admin_email,admin_password,admin_phone_number
1,Apollo,Lewis,ALewis,ALewis@google.com,cudxueuejl,555-131-7905
2,Clarissa,Lee,CLee,CLee@google.com,bdzzjoembx,555-395-4003
3,Cassius,Jackson,CJackson,CJackson@google.com,lghnomgxjg,555-174-8156
4,Sadie,Jones,SJones,SJones@google.com,ultqlrokbg,555-285-1404
5,Evangeline,Lewis,ELewis,ELewis@google.com,ixouxjjdss,555-955-9049
6,Ava,Wilson,AWilson,AWilson@google.com,ojkspbistl,555-194-8599
7,Victor,Thompson,VThompson,VThompson@google.com,qjioktpxgi,555-952-5780
8,Conor,Harris,CHarris,CHarris@google.com,hrbrvdgpog,555-342-6874
9,Rayden,Martin,RMartin,RMartin@google.com,zdmwepqlcy,555-784-3021
10,Ellison,Martinez,EMartinez,EMartinez@google.com,skgyjqhidc,555-807-9118
11,Darrell,Hernandez,DHernandez,DHernandez@google.com,yruodgmfbi,555-838-0167
12,Terrance,Walker,TWalker,TWalker@google.com,antuqhksxz,555-714-9897
13,Cheyenne,Lopez,CLopez,CLopez@google.com,kpvgjuwclo,555-772-8459
14,Russell,Lewis,RLewis,RLewis@google.com,uowrukyrut,555-777-0451
15,Luka,Garcia,LGarcia,LGarcia@google.com,wzbndypglv,555-317-1274
16,Giana,Smith,GSmith,GSmith@google.com,ezybgwlngg,555-642-8298
17,Lyle,Gonzalez,LGonzalez,LGonzalez@google.com,ignydblvso,555-683-6544
18,Leonardo,Robinson,LRobinson,LRobinson@google.com,tmxumyfsqj,555-870-1934
19,Grey,Gonzalez,GGonzalez,GGonzalez@google.com,xooooxkipi,555-113-7256
20,Wade,Gonzalez,WGonzalez,WGonzalez@google.com,qfekoquted,555-601-1549
21,Blakely,Anderson,BAnderson,BAnderson@google.com,avsgqyczfa,555-668-6551
22,Chandler,Gonzalez,CGonzalez,CGonzalez@google.com,lnufmmwznn,555-626-5207
23,Terrance,Jackson,TJackson,TJackson@google.com,lwiofghjxp,555-228-3307
24,Charlie,Martinez,CMartinez,CMartinez@google.com,lfdfmgcdnf,555-866-9747
25,Lena,Garcia,LGarcia,LGarcia@google.com,ynxdffdebr,555-584-4815
26,Tate,Lewis,TLewis,TLewis@google.com,mlwafcnvru,555-816-9772
27,Gannon,Johnson,GJohnson,GJohnson@google.com,beaqsqujfv,555-139-9989
28,Ellison,Williams,EWilliams,EWilliams@google.com,akgaqqbzaa,555-189-1580
29,Ashlynn,Thomas,AThomas,AThomas@google.com,apbwcshtma,555-636-7529
30,Rory,Hernandez,RHernandez,RHernandez@google.com,kxzdivsrbv,555-812-3549
31,Chaim,White,CWhite,CWhite@google.com,txugobdgsp,555-651-7330
32,Branson,Clark,BClark,BClark@google.com,xbijnguqux,555-799-5862
33,Belle,Gonzalez,BGonzalez,BGonzalez@google.com,ooilahtfcl,555-533-0865
34,Amara,Williams,AWilliams,AWilliams@google.com,qszrhekjgc,555-525-6039
35,Raiden,Perez,RPerez,RPerez@google.com,qitsdlhwrf,555-438-4198
36,Ivanna,Martin,IMartin,IMartin@google.com,mlwayfxaej,555-444-7077
37,Emerson,Smith,ESmith,ESmith@google.com,bxslyabolv,555-108-3527
38,Hadley,Martin,HMartin,HMartin@google.com,jhreiuvntv,555-399-4903
39,Aadhya,Garcia,AGarcia,AGarcia@google.com,obuaesufts,555-700-6710
40,Camila,Walker,CWalker,CWalker@google.com,kvnnzwmada,555-564-1359
41,Brennan,Wilson,BWilson,BWilson@google.com,owttnfnaai,555-690-8515
42,Leslie,Johnson,LJohnson,LJohnson@google.com,ouauavstvw,555-936-4601
43,Malia,Moore,MMoore,MMoore@google.com,mwwikztubv,555-573-1476
44,Jemma,Anderson,JAnderson,JAnderson@google.com,wksihggbld,555-625-2126
45,Elisa,Martin,EMartin,EMartin@google.com,sebiyuwokk,555-333-3519
46,Micah,Lewis,MLewis,MLewis@google.com,vfahwrbetj,555-897-1039
47,Remy,Hernandez,RHernandez,RHernandez@google.com,trboiutgos,555-622-4181
48,Soren,Brown,SBrown,SBrown@google.com,qidvtialgm,555-430-2159
49,Maggie,Wilson,MWilson,MWilson@google.com,ggapqtfwlq,555-361-7123
50,Easton,Perez,EPerez,EPerez@google.com,qqaloqammo,555-703-3256